{"Batang Onang": [1.3166932, 99.4458336], "Dolok": [1.6577, 98.5525], "Halongonan": [1.6514398, 99.6593041], "Padang Bolak": [3.5685536, 98.7273622], "Padang Bolak Julu": [1.415091, 99.5576002], "Portibi": [1.4375683, 99.7032047], "Simangambat": [1.8957231, 99.7846397], "Ujung Batu": [1.1896051, 99.99013], "Dolok Sigompulon": [1.9700433, 99.5356889], "Halongonan Timur": [1.6373489, 99.4558203], "Hulu Sihapas": [1.458091, 99.4268896], "Padang Bolak Tenggara": [1.54001,99.3234082]}